<?xml version="1.0" encoding="UTF-8"?>

<document repository="default" id="Task375f">
  <system>
    <type>RouteNode</type>
    <path>SerialDocumentReview/Task375f</path>
    <lifecycle-state>validated</lifecycle-state>
    <lifecycle-policy>documentRouteElement</lifecycle-policy>
    <facet>facet-var_Task375f</facet>
    <access-control/>
  </system>
  <schema xmlns:dc="http://www.nuxeo.org/ecm/schemas/dublincore/" name="dublincore">
    <dc:creator/>
    <dc:source/>
    <dc:nature/>
    <dc:contributors/>
    <dc:created/>
    <dc:description/>
    <dc:rights/>
    <dc:subjects/>
    <dc:publisher/>
    <dc:valid/>
    <dc:format/>
    <dc:issued/>
    <dc:modified/>
    <dc:language/>
    <dc:coverage/>
    <dc:expired/>
    <dc:lastContributor/>
    <dc:title><![CDATA[Start]]></dc:title>
  </schema>
  <schema xmlns:common="http://www.nuxeo.org/ecm/schemas/common/" name="common">
    <common:icon/>
    <common:icon-expanded/>
    <common:size/>
  </schema>
  <schema xmlns:rnode="http://www.nuxeo.org/ecm/schemas/route_node/" name="route_node">
    <rnode:lastActor/>
    <rnode:canceled/>
    <rnode:taskLayout/>
    <rnode:taskButtons/>
    <rnode:button/>
    <rnode:stop><![CDATA[false]]></rnode:stop>
    <rnode:taskDocType/>
    <rnode:startDate/>
    <rnode:start><![CDATA[true]]></rnode:start>
    <rnode:taskNotificationTemplate/>
    <rnode:transitions>
      <transition>
        <chain><![CDATA[]]></chain>
        <condition><![CDATA[true]]></condition>
        <name><![CDATA[startTask375f]]></name>
        <targetId><![CDATA[Task38e]]></targetId>
        <label><![CDATA[start]]></label>
      </transition>
    </rnode:transitions>
    <rnode:nodeId><![CDATA[Task375f]]></rnode:nodeId>
    <rnode:outputChain><![CDATA[]]></rnode:outputChain>
    <rnode:merge/>
    <rnode:taskAssignees/>
    <rnode:taskAssigneesExpr/>
    <rnode:taskY><![CDATA[49]]></rnode:taskY>
    <rnode:count/>
    <rnode:taskX><![CDATA[415]]></rnode:taskX>
    <rnode:taskAssigneesPermission/>
    <rnode:taskDueDateExpr/>
    <rnode:variablesFacet><![CDATA[facet-var_Task375f]]></rnode:variablesFacet>
    <rnode:endDate/>
    <rnode:taskDueDate/>
    <rnode:inputChain><![CDATA[]]></rnode:inputChain>
    <rnode:taskDescription/>
    <rnode:hasTask><![CDATA[false]]></rnode:hasTask>
    <rnode:taskDirective/>
  </schema>
  <schema xmlns:var_Task375f="http://www.nuxeo.org/ecm/project/schemas/nuxeo-routing-default/var_Task375f" name="var_Task375f"></schema>
</document>
