<?xml version="1.0" encoding="UTF-8"?>

<document repository="default" id="Task22b4">
  <system>
    <type>RouteNode</type>
    <path>ParallelDocumentReview/Task22b4</path>
    <lifecycle-state>validated</lifecycle-state>
    <lifecycle-policy>documentRouteElement</lifecycle-policy>
    <facet>facet-var_Task22b4</facet>
    <access-control/>
  </system>
  <schema xmlns:common="http://www.nuxeo.org/ecm/schemas/common/" name="common"></schema>
  <schema xmlns:var_Task22b4="http://www.nuxeo.org/ecm/project/schemas/nuxeo-routing-default/var_Task22b4" name="var_Task22b4"></schema>
  <schema xmlns:dc="http://www.nuxeo.org/ecm/schemas/dublincore/" name="dublincore">
    <dc:title><![CDATA[Stop]]></dc:title>
  </schema>
  <schema xmlns:rnode="http://www.nuxeo.org/ecm/schemas/route_node/" name="route_node">
    <rnode:transitions/>
    <rnode:taskY><![CDATA[480]]></rnode:taskY>
    <rnode:variablesFacet><![CDATA[facet-var_Task22b4]]></rnode:variablesFacet>
    <rnode:taskX><![CDATA[580]]></rnode:taskX>
    <rnode:inputChain><![CDATA[]]></rnode:inputChain>
    <rnode:executeOnlyFirstTransition><![CDATA[false]]></rnode:executeOnlyFirstTransition>
    <rnode:stop><![CDATA[true]]></rnode:stop>
    <rnode:hasTask><![CDATA[false]]></rnode:hasTask>
    <rnode:escalationRules/>
    <rnode:outputChain><![CDATA[]]></rnode:outputChain>
    <rnode:nodeId><![CDATA[Task22b4]]></rnode:nodeId>
    <rnode:start><![CDATA[false]]></rnode:start>
  </schema>
</document>
