<?xml version="1.0" encoding="UTF-8"?>

<document repository="default" id="Task2169">
  <system>
    <type>RouteNode</type>
    <path>ParallelDocumentReview/Task2169</path>
    <lifecycle-state>validated</lifecycle-state>
    <lifecycle-policy>documentRouteElement</lifecycle-policy>
    <facet>facet-var_Task2169</facet>
    <access-control/>
  </system>
  <schema xmlns:common="http://www.nuxeo.org/ecm/schemas/common/" name="common"></schema>
  <schema xmlns:var_Task2169="http://www.nuxeo.org/ecm/project/schemas/nuxeo-routing-default/var_Task2169" name="var_Task2169"></schema>
  <schema xmlns:dc="http://www.nuxeo.org/ecm/schemas/dublincore/" name="dublincore">
    <dc:description><![CDATA[Thank you for validating the document]]></dc:description>
    <dc:title><![CDATA[wf.parallelDocumentReview.consolidate.title]]></dc:title>
  </schema>
  <schema xmlns:rnode="http://www.nuxeo.org/ecm/schemas/route_node/" name="route_node">
    <rnode:taskDocType><![CDATA[TaskDoc]]></rnode:taskDocType>
    <rnode:taskButtons>
      <button>
        <filter><![CDATA[]]></filter>
        <name><![CDATA[reject]]></name>
        <label><![CDATA[wf.parallelDocumentReview.reject]]></label>
      </button>
      <button>
        <filter><![CDATA[]]></filter>
        <name><![CDATA[validate]]></name>
        <label><![CDATA[wf.parallelDocumentReview.approve]]></label>
      </button>
    </rnode:taskButtons>
    <rnode:transitions>
      <transition>
        <condition><![CDATA[NodeVariables["button"] =="validate"]]></condition>
        <chain><![CDATA[validateDocument]]></chain>
        <targetId><![CDATA[Task22b4]]></targetId>
        <name><![CDATA[prl_validateTask2169]]></name>
        <label><![CDATA[prl_validate]]></label>
      </transition>
      <transition>
        <condition><![CDATA[NodeVariables["button"] =="reject"]]></condition>
        <chain><![CDATA[]]></chain>
        <targetId><![CDATA[Task232e]]></targetId>
        <name><![CDATA[prl_rejectTask2169]]></name>
        <label><![CDATA[prl_reject]]></label>
      </transition>
    </rnode:transitions>
    <rnode:taskLayout><![CDATA[Task2169@taskLayout]]></rnode:taskLayout>
    <rnode:taskY><![CDATA[320]]></rnode:taskY>
    <rnode:variablesFacet><![CDATA[facet-var_Task2169]]></rnode:variablesFacet>
    <rnode:taskX><![CDATA[360]]></rnode:taskX>
    <rnode:inputChain><![CDATA[]]></rnode:inputChain>
    <rnode:executeOnlyFirstTransition><![CDATA[false]]></rnode:executeOnlyFirstTransition>
    <rnode:hasMultipleTasks><![CDATA[false]]></rnode:hasMultipleTasks>
    <rnode:taskNotificationTemplate><![CDATA[workflowTaskAssigned]]></rnode:taskNotificationTemplate>
    <rnode:allowTaskReassignment><![CDATA[true]]></rnode:allowTaskReassignment>
    <rnode:stop><![CDATA[false]]></rnode:stop>
    <rnode:taskAssignees/>
    <rnode:taskDueDateExpr><![CDATA[CurrentDate.days(5)]]></rnode:taskDueDateExpr>
    <rnode:hasTask><![CDATA[true]]></rnode:hasTask>
    <rnode:escalationRules/>
    <rnode:outputChain><![CDATA[NRD-AC-PR-ValidateNode-Output]]></rnode:outputChain>
    <rnode:taskDirective><![CDATA[wf.parallelDocumentReview.consolidate.directive]]></rnode:taskDirective>
    <rnode:taskAssigneesExpr><![CDATA[workflowInitiator]]></rnode:taskAssigneesExpr>
    <rnode:nodeId><![CDATA[Task2169]]></rnode:nodeId>
    <rnode:start><![CDATA[false]]></rnode:start>
    <rnode:taskAssigneesPermission><![CDATA[ReadWrite]]></rnode:taskAssigneesPermission>
  </schema>
</document>
