<?xml version="1.0"?>

<archetype>
  <vars>
    <var label="Group Id" name="groupId" default="org.sample" required="true" />
    <var label="Artifact Id" name="artifactId" default="sample" required="true" /> 
    <var label="Version" name="version" default="1.0-SNAPSHOT" /> 
    <var label="Module Id" name="moduleId" default="${artifactId}" />
    <var label="Package" name="package" default="${groupId}" />
  </vars>
  <resources>
    <template src="src/main/java/groupId/Main.groovy" />
    <template src="src/main/resources/META-INF/MANIFEST.MF" />
    <template src="src/main/resources/OSGI-INF/deployment-fragment.xml" />
    <template src="src/main/resources/module.xml" />
    <template src="src/main/resources/i18n/messages_en.properties" />    
    <template src="pom.xml" />
    <package src="src/main/java/groupId" target="src/main/java/${groupId}" />
    <directory src="src/main/resources/skin/views/moduleId" target="src/main/resources/skin/views/${moduleId}" />
  </resources>
</archetype>

