<?xml version="1.0" encoding="UTF-8"?>

<document repository="default" id="Task21a0">
  <system>
    <type>RouteNode</type>
    <path>ParallelDocumentReview/Task21a0</path>
    <lifecycle-state>validated</lifecycle-state>
    <lifecycle-policy>documentRouteElement</lifecycle-policy>
    <facet>facet-var_Task21a0</facet>
    <access-control/>
  </system>
  <schema xmlns:dc="http://www.nuxeo.org/ecm/schemas/dublincore/" name="dublincore">
    <dc:creator/>
    <dc:source/>
    <dc:nature/>
    <dc:contributors/>
    <dc:created/>
    <dc:description/>
    <dc:rights/>
    <dc:subjects/>
    <dc:publisher/>
    <dc:valid/>
    <dc:format/>
    <dc:issued/>
    <dc:modified/>
    <dc:language/>
    <dc:coverage/>
    <dc:expired/>
    <dc:lastContributor/>
    <dc:title><![CDATA[Start]]></dc:title>
  </schema>
  <schema xmlns:var_Task21a0="http://www.nuxeo.org/ecm/project/schemas/nuxeo-routing-default/var_Task21a0" name="var_Task21a0"></schema>
  <schema xmlns:common="http://www.nuxeo.org/ecm/schemas/common/" name="common">
    <common:icon/>
    <common:icon-expanded/>
    <common:size/>
  </schema>
  <schema xmlns:rnode="http://www.nuxeo.org/ecm/schemas/route_node/" name="route_node">
    <rnode:lastActor/>
    <rnode:canceled/>
    <rnode:taskLayout/>
    <rnode:taskButtons/>
    <rnode:executeOnlyFirstTransition><![CDATA[false]]></rnode:executeOnlyFirstTransition>
    <rnode:stop><![CDATA[false]]></rnode:stop>
    <rnode:button/>
    <rnode:taskDocType/>
    <rnode:start><![CDATA[true]]></rnode:start>
    <rnode:startDate/>
    <rnode:taskNotificationTemplate/>
    <rnode:transitions>
      <transition>
        <chain/>
        <condition><![CDATA[true]]></condition>
        <name><![CDATA[automatic_transitionTask21a0]]></name>
        <targetId><![CDATA[Task2556]]></targetId>
        <label><![CDATA[automatic_transition]]></label>
      </transition>
    </rnode:transitions>
    <rnode:nodeId><![CDATA[Task21a0]]></rnode:nodeId>
    <rnode:hasMultipleTasks/>
    <rnode:outputChain><![CDATA[]]></rnode:outputChain>
    <rnode:merge/>
    <rnode:subRouteVariables/>
    <rnode:taskAssignees/>
    <rnode:taskAssigneesExpr/>
    <rnode:taskY><![CDATA[31]]></rnode:taskY>
    <rnode:count/>
    <rnode:taskX><![CDATA[332]]></rnode:taskX>
    <rnode:taskAssigneesPermission/>
    <rnode:subRouteInstanceId/>
    <rnode:taskDueDateExpr/>
    <rnode:variablesFacet><![CDATA[facet-var_Task21a0]]></rnode:variablesFacet>
    <rnode:tasksInfo/>
    <rnode:endDate/>
    <rnode:allowTaskReassignment/>
    <rnode:taskDueDate/>
    <rnode:inputChain><![CDATA[]]></rnode:inputChain>
    <rnode:taskDescription/>
    <rnode:hasTask><![CDATA[false]]></rnode:hasTask>
    <rnode:taskDirective/>
    <rnode:subRouteModelExpr/>
    <rnode:escalationRules/>
  </schema>
</document>
