<?xml version="1.0" encoding="UTF-8"?>

<document repository="default" id="Task21a0">
  <system>
    <type>RouteNode</type>
    <path>ParallelDocumentReview/Task21a0</path>
    <lifecycle-state>validated</lifecycle-state>
    <lifecycle-policy>documentRouteElement</lifecycle-policy>
    <facet>facet-var_Task21a0</facet>
    <access-control/>
  </system>
  <schema xmlns:var_Task21a0="http://www.nuxeo.org/ecm/project/schemas/nuxeo-routing-default/var_Task21a0" name="var_Task21a0"></schema>
  <schema xmlns:common="http://www.nuxeo.org/ecm/schemas/common/" name="common"></schema>
  <schema xmlns:dc="http://www.nuxeo.org/ecm/schemas/dublincore/" name="dublincore">
    <dc:title><![CDATA[Start]]></dc:title>
  </schema>
  <schema xmlns:rnode="http://www.nuxeo.org/ecm/schemas/route_node/" name="route_node">
    <rnode:transitions>
      <transition>
        <condition><![CDATA[true]]></condition>
        <chain><![CDATA[]]></chain>
        <targetId><![CDATA[Task2556]]></targetId>
        <name><![CDATA[automatic_transitionTask21a0]]></name>
        <label><![CDATA[automatic_transition]]></label>
      </transition>
    </rnode:transitions>
    <rnode:taskY><![CDATA[20]]></rnode:taskY>
    <rnode:variablesFacet><![CDATA[facet-var_Task21a0]]></rnode:variablesFacet>
    <rnode:taskX><![CDATA[360]]></rnode:taskX>
    <rnode:inputChain><![CDATA[]]></rnode:inputChain>
    <rnode:executeOnlyFirstTransition><![CDATA[false]]></rnode:executeOnlyFirstTransition>
    <rnode:stop><![CDATA[false]]></rnode:stop>
    <rnode:hasTask><![CDATA[false]]></rnode:hasTask>
    <rnode:escalationRules/>
    <rnode:outputChain><![CDATA[]]></rnode:outputChain>
    <rnode:nodeId><![CDATA[Task21a0]]></rnode:nodeId>
    <rnode:start><![CDATA[true]]></rnode:start>
  </schema>
</document>
