<?xml version="1.0" encoding="UTF-8"?>

<document repository="default" id="Task5c1">
  <system>
    <type>RouteNode</type>
    <path>SerialDocumentReview/Task5c1</path>
    <lifecycle-state>validated</lifecycle-state>
    <lifecycle-policy>documentRouteElement</lifecycle-policy>
    <facet>facet-var_Task5c1</facet>
    <access-control/>
  </system>
  <schema xmlns:dc="http://www.nuxeo.org/ecm/schemas/dublincore/" name="dublincore">
    <dc:creator/>
    <dc:source/>
    <dc:nature/>
    <dc:contributors/>
    <dc:created/>
    <dc:description/>
    <dc:rights/>
    <dc:subjects/>
    <dc:publisher/>
    <dc:valid/>
    <dc:format/>
    <dc:issued/>
    <dc:modified/>
    <dc:language/>
    <dc:coverage/>
    <dc:expired/>
    <dc:lastContributor/>
    <dc:title><![CDATA[Stop]]></dc:title>
  </schema>
  <schema xmlns:var_Task5c1="http://www.nuxeo.org/ecm/project/schemas/nuxeo-routing-default/var_Task5c1" name="var_Task5c1"></schema>
  <schema xmlns:common="http://www.nuxeo.org/ecm/schemas/common/" name="common">
    <common:icon/>
    <common:icon-expanded/>
    <common:size/>
  </schema>
  <schema xmlns:rnode="http://www.nuxeo.org/ecm/schemas/route_node/" name="route_node">
    <rnode:lastActor/>
    <rnode:canceled/>
    <rnode:taskLayout/>
    <rnode:taskButtons/>
    <rnode:button/>
    <rnode:stop><![CDATA[true]]></rnode:stop>
    <rnode:taskDocType/>
    <rnode:startDate/>
    <rnode:start><![CDATA[false]]></rnode:start>
    <rnode:taskNotificationTemplate/>
    <rnode:transitions/>
    <rnode:nodeId><![CDATA[Task5c1]]></rnode:nodeId>
    <rnode:outputChain/>
    <rnode:merge/>
    <rnode:taskAssignees/>
    <rnode:taskAssigneesExpr/>
    <rnode:taskY><![CDATA[561]]></rnode:taskY>
    <rnode:count/>
    <rnode:taskX><![CDATA[442]]></rnode:taskX>
    <rnode:taskAssigneesPermission/>
    <rnode:taskDueDateExpr/>
    <rnode:variablesFacet><![CDATA[facet-var_Task5c1]]></rnode:variablesFacet>
    <rnode:endDate/>
    <rnode:taskDueDate/>
    <rnode:inputChain/>
    <rnode:taskDescription/>
    <rnode:hasTask><![CDATA[false]]></rnode:hasTask>
    <rnode:taskDirective/>
  </schema>
</document>
