<?xml version="1.0" encoding="UTF-8"?>

<document repository="default" id="Task6d8">
  <system>
    <type>RouteNode</type>
    <path>SerialDocumentReview/Task6d8</path>
    <lifecycle-state>validated</lifecycle-state>
    <lifecycle-policy>documentRouteElement</lifecycle-policy>
    <facet>facet-var_Task6d8</facet>
    <access-control/>
  </system>
  <schema xmlns:var_Task6d8="http://www.nuxeo.org/ecm/project/schemas/nuxeo-routing-default/var_Task6d8" name="var_Task6d8"></schema>
  <schema xmlns:common="http://www.nuxeo.org/ecm/schemas/common/" name="common"></schema>
  <schema xmlns:dc="http://www.nuxeo.org/ecm/schemas/dublincore/" name="dublincore">
    <dc:description><![CDATA[Thank you for validating the document]]></dc:description>
    <dc:title><![CDATA[wf.serialDocumentReview.DocumentValidation]]></dc:title>
  </schema>
  <schema xmlns:rnode="http://www.nuxeo.org/ecm/schemas/route_node/" name="route_node">
    <rnode:taskDocType><![CDATA[TaskDoc]]></rnode:taskDocType>
    <rnode:taskButtons>
      <button>
        <filter><![CDATA[]]></filter>
        <name><![CDATA[reject]]></name>
        <label><![CDATA[wf.serialDocumentReview.Reject]]></label>
        <validate><![CDATA[true]]></validate>
      </button>
      <button>
        <filter><![CDATA[]]></filter>
        <name><![CDATA[validate]]></name>
        <label><![CDATA[wf.serialDocumentReview.Validate]]></label>
        <validate><![CDATA[true]]></validate>
      </button>
    </rnode:taskButtons>
    <rnode:transitions>
      <transition>
        <path>
          <pathpoint>
            <x><![CDATA[0.0]]></x>
            <y><![CDATA[0.0]]></y>
          </pathpoint>
          <pathpoint>
            <x><![CDATA[0.0]]></x>
            <y><![CDATA[129.99998474121094]]></y>
          </pathpoint>
          <pathpoint>
            <x><![CDATA[200.0]]></x>
            <y><![CDATA[129.99998474121094]]></y>
          </pathpoint>
          <pathpoint>
            <x><![CDATA[200.0]]></x>
            <y><![CDATA[259.9999694824219]]></y>
          </pathpoint>
        </path>
        <condition><![CDATA[NodeVariables["button"] == "validate" && WorkflowVariables["index"] == WorkflowVariables["participants"].length]]></condition>
        <chain><![CDATA[terminateWorkflow]]></chain>
        <targetId><![CDATA[Task5c1]]></targetId>
        <name><![CDATA[sdr_finishTask6d8]]></name>
        <label><![CDATA[sdr_finish]]></label>
      </transition>
      <transition>
        <path>
          <pathpoint>
            <x><![CDATA[0.0]]></x>
            <y><![CDATA[80.0]]></y>
          </pathpoint>
          <pathpoint>
            <x><![CDATA[0.0]]></x>
            <y><![CDATA[125.0]]></y>
          </pathpoint>
          <pathpoint>
            <x><![CDATA[-151.0]]></x>
            <y><![CDATA[125.0]]></y>
          </pathpoint>
          <pathpoint>
            <x><![CDATA[-151.0]]></x>
            <y><![CDATA[-76.0]]></y>
          </pathpoint>
          <pathpoint>
            <x><![CDATA[20.0]]></x>
            <y><![CDATA[-76.0]]></y>
          </pathpoint>
          <pathpoint>
            <x><![CDATA[20.0]]></x>
            <y><![CDATA[0.0]]></y>
          </pathpoint>
        </path>
        <condition><![CDATA[NodeVariables["button"] =="reject" && WorkflowVariables["index"] >= 0]]></condition>
        <chain><![CDATA[logInAudit]]></chain>
        <targetId><![CDATA[Task6d8]]></targetId>
        <name><![CDATA[sdr_rejectionTask6d8]]></name>
        <label><![CDATA[sdr_rejection]]></label>
      </transition>
      <transition>
        <path>
          <pathpoint>
            <x><![CDATA[0.0]]></x>
            <y><![CDATA[80.0]]></y>
          </pathpoint>
          <pathpoint>
            <x><![CDATA[0.0]]></x>
            <y><![CDATA[123.0]]></y>
          </pathpoint>
          <pathpoint>
            <x><![CDATA[190.0]]></x>
            <y><![CDATA[123.0]]></y>
          </pathpoint>
          <pathpoint>
            <x><![CDATA[190.0]]></x>
            <y><![CDATA[-30.0]]></y>
          </pathpoint>
          <pathpoint>
            <x><![CDATA[380.0]]></x>
            <y><![CDATA[-30.0]]></y>
          </pathpoint>
          <pathpoint>
            <x><![CDATA[380.0]]></x>
            <y><![CDATA[0.0]]></y>
          </pathpoint>
        </path>
        <condition><![CDATA[NodeVariables["button"] =="reject" && WorkflowVariables["index"] ==-1]]></condition>
        <chain><![CDATA[logInAudit]]></chain>
        <targetId><![CDATA[Task542]]></targetId>
        <name><![CDATA[sdr_update_requestTask6d8]]></name>
        <label><![CDATA[sdr_update_request]]></label>
      </transition>
      <transition>
        <path>
          <pathpoint>
            <x><![CDATA[20.0]]></x>
            <y><![CDATA[80.0]]></y>
          </pathpoint>
          <pathpoint>
            <x><![CDATA[20.0]]></x>
            <y><![CDATA[164.0]]></y>
          </pathpoint>
          <pathpoint>
            <x><![CDATA[-125.0]]></x>
            <y><![CDATA[164.0]]></y>
          </pathpoint>
          <pathpoint>
            <x><![CDATA[-125.0]]></x>
            <y><![CDATA[-30.0]]></y>
          </pathpoint>
          <pathpoint>
            <x><![CDATA[0.0]]></x>
            <y><![CDATA[-30.0]]></y>
          </pathpoint>
          <pathpoint>
            <x><![CDATA[0.0]]></x>
            <y><![CDATA[0.0]]></y>
          </pathpoint>
        </path>
        <condition><![CDATA[NodeVariables["button"] == "validate" && WorkflowVariables["index"] < WorkflowVariables["participants"].length]]></condition>
        <chain><![CDATA[logInAudit]]></chain>
        <targetId><![CDATA[Task6d8]]></targetId>
        <name><![CDATA[sdr_validationTask6d8]]></name>
        <label><![CDATA[sdr_validation]]></label>
      </transition>
    </rnode:transitions>
    <rnode:taskLayout><![CDATA[Task6d8@taskLayout]]></rnode:taskLayout>
    <rnode:taskY><![CDATA[280]]></rnode:taskY>
    <rnode:variablesFacet><![CDATA[facet-var_Task6d8]]></rnode:variablesFacet>
    <rnode:taskX><![CDATA[240]]></rnode:taskX>
    <rnode:inputChain><![CDATA[reinitAssigneeComment]]></rnode:inputChain>
    <rnode:executeOnlyFirstTransition><![CDATA[false]]></rnode:executeOnlyFirstTransition>
    <rnode:hasMultipleTasks><![CDATA[false]]></rnode:hasMultipleTasks>
    <rnode:taskNotificationTemplate><![CDATA[workflowTaskAssigned]]></rnode:taskNotificationTemplate>
    <rnode:allowTaskReassignment><![CDATA[true]]></rnode:allowTaskReassignment>
    <rnode:stop><![CDATA[false]]></rnode:stop>
    <rnode:taskAssignees/>
    <rnode:taskDueDateExpr><![CDATA[CurrentDate.days(5)]]></rnode:taskDueDateExpr>
    <rnode:hasTask><![CDATA[true]]></rnode:hasTask>
    <rnode:escalationRules/>
    <rnode:outputChain><![CDATA[nextAssignee]]></rnode:outputChain>
    <rnode:taskDirective><![CDATA[wf.serialDocumentReview.AcceptReject]]></rnode:taskDirective>
    <rnode:taskAssigneesExpr><![CDATA[WorkflowVariables["participants"][(int)WorkflowVariables.index]]]></rnode:taskAssigneesExpr>
    <rnode:nodeId><![CDATA[Task6d8]]></rnode:nodeId>
    <rnode:start><![CDATA[false]]></rnode:start>
    <rnode:taskAssigneesPermission><![CDATA[ReadWrite]]></rnode:taskAssigneesPermission>
  </schema>
</document>
